icnaming,id
a16z,a16z
a3capas,a3capas
aedile,aedile
agryo,agryo
aikin,aikin
alexa,alexa
amber,amber
ambergroup,ambergroup
andrew,andrew
animal-guardians,animal-guardians
animalguardians,animal-guardians
anmi,anmi
anmicapital,anmicapital
anthonymq,anthonymq
anycloud,anycloud
anydao,anydao
arkstream,arkstream
arkstreamcapital,arkstreamcapital
art,art
aspect,aspect
aspectventures,aspectventures
astrome,astrome
astrox,astrox
atcapital,atcapital
aurora,aurora
avatar,avatar
aviate-labs,aviate-labs
aviatelabs,aviate-labs
avocado-research,avocado-research
avocadoresearch,avocado-research
axon,axon
azdag,azdag
b9-labs,b9 labs
b9labs,b9 labs
baca,baca
badge,badge
banklessdao,banklessdao
bartlett,bartlett
bauction,bauction
beacon,beacon
bebenture,bebenture
berkeley,blockchain at berkeley
bigbuy,bigbuy
bitcastle,bitcastle
bitfinex,bitfinex
bithumb,bithumb
bitkeep,bitkeep
bittrex,bittrex
blockchain-heroes,blockchain heroes
blockchainheroes,blockchain heroes
blocks,blocks
bluebird,bluebird
bob,bob
btc-flower,btc-flower
btcflower,btcflower
bunchd,bunchd
bybit,bybit
c98,c98
candid-convert,candid-convert
candidconvert,candid-convert
canister-tip-jar,canister-tip-jar
canistergeek,canistergeek
canistertipjar,canister-tip-jar
canistore,canistore
canlista,canlista
cantorspace-teamup,cantorspace teamup
cantorspaceteamup,cantorspace teamup
cap,cap
catalyze,catalyze
cbd,cbd
cetoswap,cetoswap
chain-cloud,chain-cloud
chaincloud,chain-cloud
chainide,chainide
checkrr,checkrr
cheersland,cheersland
cipherproxy,cipherproxy
civol,civol
cleverland,cleverland
cloudbox,cloudbox
codebase,codebase
coin-flipper,coin-flipper
coinflipper,coin-flipper
configeek,configeek
content-fly,content fly
contentfly,content fly
cosmicrafts,cosmicrafts
cover,cover
cramium,cramium
cronic,cronic
cronicnfts,cronicnfts
crowd-created-canvas,ccc
crowd-created-ollectables,crowd-created-ollectables
crowdcreatedcanvas,ccc
crowdcreatedollectables,crowd-created-ollectables
crowdeats,crowdeats
crowdfund-nft,crowdfund-nft
crowdfundnft,crowdfund-nft
crowdrecords,crowdrecords
crowns,crowns
crypto90s,crypto90s
cryptoculturist,cryptoculturist
cryptojian,cryptojian
cryptospells,cryptospells・nftstudio
cryptoworld,cryptoworld
cube-run,cube run
cuberun,cube run
cubic,cubic
cycle,cycle
cycle-dao,cycle-dao
cycledao,cycle-dao
cycles,cycles
cycles-bet,cycles-bet
cyclesbet,cycles-bet
cyman,cyman
dab,dab
dank,dank
dapp-man,dapp man's switch
dappman,dapp man's switch
data-app-development-platform,data app development platform
dataappdevelopmentplatform,data app development platform
databox,databox
dbox,dbox
deckdeckgo,deckdeckgo
deland,deland
demodroids,demodroids
departure-labs,departure labs
departurelabs,departure labs
devnull,devnull
dfinance,dfinance
dfinity,dfinity
dfinity-academy-ru,dfinity-academy-ru
dfinity-alliance,dfinity-alliance
dfinity-bulls,dfinity-bulls
dfinity-club,dfinity-club
dfinity-community,dfinity-community
dfinity-donkeys,dfinity-donkeys
dfinity-en-espanol,dfinity-en-espanol
dfinity-explorer,dfinity explorer
dfinity-nuclear-sheep,dfinity-nuclear-sheep
dfinity-scan,dfinity-scan
dfinity-sz,dfinity-sz
dfinity-vietnam,dfinity-vietnam
dfinity-web-services,dws (dfinity web services)
dfinityacademyru,dfinity-academy-ru
dfinityalliance,dfinity-alliance
dfinitybulls,dfinity-bulls
dfinityclub,dfinity-club
dfinitycommunity,dfinity-community
dfinitydonkeys,dfinity-donkeys
dfinityenespanol,dfinity-en-espanol
dfinityexplorer,dfinity explorer
dfinitynuclearsheep,dfinity-nuclear-sheep
dfinityscan,dfinity-scan
dfinitysz,dfinity-sz
dfinityvietnam,dfinityvietnam
dfinityvn,dfinityvn
dfinitywebservices,dws (dfinity web services)
dfistarter,dfistarter
dflow,dflow
dft,dft
dfusion,dfusion
dgdg,dgdg
difibase,difibase
disto,disto
distrikt,distrikt
dlotto,dlotto
dmail,dmail
dmail-network,dmail network
dmailnetwork,dmail network
documentingtheic,documentingtheic
dom,dom
doocoins,doocoins
dots,dots
dplus,dplus
dport,dport
drake,drake
draperdragon,draperdragon
drip-land,drip-land
dripland,dripland
dscvr,dscvr
dservice,dservice
dsign,dsign
dsocial,dsocial
dstar,dstar
dwitter,dwitter
earth,earth
earth-wallet,earth wallet
earthdao,earthdao
earthwallet,earth wallet
economia,economia
eimolad,eimolad
elementum,elementum
ensofinance,ensofinance
entrepot,entrepot
epic-nfts-exponent,epic nfts + exponent
epicnftsexponent,epic nfts + exponent
eria,eria
evm-on-icp,evm on icp
evmonicp,evm on icp
ex3,ex3
exponent,exponent
fallingstars-nft,fallingstars-nft
fallingstarsnft,fallingstars-nft
fbg,fbg
fbgcapital,fbgcapital
fenbushi,fenbushi
fiona,fiona
fleek,fleek
fleek-co,fleek-co
fleek-ooo,fleek-ooo
fleekco,fleek-co
fleekooo,fleek-ooo
freeos,freeos
frog-nation,frog-nation-2-0-2d
frognation,frog-nation-2-0-2d
functionland,functionland
gauzs,gauzs
get-impact-now,get-impact-now
getimpactnow,get-impact-now
gigaverse-labs,gigaverse-labs
gigaverselabs,gigaverse-labs
gobazzinga,gobazzinga
golang-developer-tools,golang developer tools
golangdevelopertools,golang developer tools
gpad,gpad
hashkey,hashkey
hashkeycapital,hashkeycapital
hashmix,hashmix
haundet-hamsters,haundet-hamsters
haundethamsters,haundet-hamsters
herbert,herbert
hexgl,hexgl
holon,holon
huobi,huobi
hyuna,hyuna
iaf,iaf
ibridge,ibridge
ic,ic
ic-ape-ventures,ic-ape-ventures
ic-birds,ic-birds
ic-canvas,ic-canvas
ic-cards,ic cards
ic-dashboard,ic-dashboard
ic-dinos,ic-dinos
ic-drip,ic-drip
ic-drive,ic drive
ic-gallery,ic gallery
ic-notes,ic-notes
ic-rocks,ic rocks
ic-tools-dart,ic_tools_dart
ic-turtles,ic-turtles
ic-vault,ic vault
ic-video,ic video
ic-whiskers,ic-whiskers
ic1101,ic1101
ic8,ic8
ica-dashboard,ica dashboard
icadashboard,ica dashboard
icaliens,icaliens
icape-ventures,icape-ventures
icapeventures,icape-ventures
icapps,icapps
icats,icats
icbirds,ic-birds
icbunny,icbunny
iccanvas,ic-canvas
iccards,ic cards
iccomics,iccomics
icdashboard,ic-dashboard
icdevs,icdevs
icdinos,ic-dinos
icdrip,icdrip
icdrive,ic drive
ices,ices
icevent,icevent
icgallery,ic gallery
icgiraffes,icgiraffes
icircle-nft,icircle nft
icirclenft,icircle nft
icity,icity
ickitsune,ickitsune
ickitties,ickitties
ickoalas,ickoalas
iclight,iclight
iclighthouse,iclighthouse
icme,icme
icmoji,icmoji
icmoji-legends,icmoji-legends
icmoji-origins,icmoji origins
icmojilegends,icmoji-legends
icmojiorigins,icmoji origins
icnaming,icnaming
icnotes,icnotes
icnsid,icnsid
icp,icp
icp-art,icp-art
icp-birds,icp birds
icp-dog,icp-dog
icp-france,icp-france
icp-global-fund,icp-global-fund
icp-guide,icp-guide
icp-league,icp-league
icp-neuron-calculator,icp-neuron-calculator
icp-squad,icp squad
icp-squad-nft,icp squad nft
icp-swap,icp-swap
icp123,icp123
icpad,icpad
icpart,icpart
icpbirds,icp birds
icpbox,icpbox
icpbunny,icpbunny
icpcs,icpcs
icpdog,icpdog
icpets,icpets
icpfans,icpfans
icpflower,icpflower
icpfrance,icp-france
icpglobalfund,icp-global-fund
icpguide,icp-guide
icphotographers,icphotographers
icpics,icpics
icpipeline,icpipeline
icpis,icpis
icpl,icpl
icpl-community,icpl-community
icplaces,icplaces
icplaunchpad,icplaunchpad
icplcommunity,icpl-community
icpleague,icp-league
icpmaps,icpmaps
icpmeet,icpmeet
icpneuroncalculator,icp-neuron-calculator
icport,icport
icprime8s,icprime8s
icproject,icproject
icproject-nft,icproject_nft
icprojectnft,icproject_nft
icpscan,icpscan
icpsquad,icpsquad
icpsquadnft,icp squad nft
icpswap,icpswap
icpugs,icpugs
icpumpkin,icpumpkin
icpunks,icpunks
icpuppies,icpuppies
icpxy,icpxy
icrocks,ic rocks
icsnakes,icsnakes
icspliffsters,icspliffsters
ictexas,ictexas
ictoolsdart,ic_tools_dart
icturtles,icturtles
icvault,ic vault
icvibesters,icvibesters
icvideo,ic video
icwallet,icwallet
icwave,icwave
icwhiskers,ic-whiskers
identity-labs,identity labs
identitylabs,identity labs
igf,igf
igor,igor
infernal-vampire-colony,infernal-vampire-colony
infernalvampirecolony,infernal-vampire-colony
infinite-chimp-nft-collection,infinite-chimp-nft-collection
infinitechimpnftcollection,infinite-chimp-nft-collection
infinity-swap,infinity swap
infinityswap,infinity swap
intelligent-nft-framework,intelligent nft framework
intelligentnftframework,intelligent nft framework
interconnect-network,interconnect-network
interconnectnetwork,interconnect-network
internet-astronauts,internet astronauts
internet-computer-based-blogs,internet computer based blogs/news/cms site
internet-computer-dashboard,internet-computer-dashboard
internet-computer-event-system,internet-computer-event-system
internet-computer-wiki,internet-computer-wiki
internet-humans,internet-humans
internet-identity,internet identity
internetastronauts,internetastronauts
internetcomputer,internetcomputer
internetcomputerbasedblogs,internet computer based blogs/news/cms site
internetcomputerdashboard,internet-computer-dashboard
internetcomputereventsystem,internet-computer-event-system
internetcomputerwiki,internet-computer-wiki
internethumans,internet-humans
internetidentity,internet identity
iosg,iosg
irving,irving
isea,isea
itoka,itoka
jan,jan
japan-dao-association,japan-dao-association
japandaoassociation,japan-dao-association
java-agent,java agent
javaagent,java agent
juicy-kicks,juicy-kicks
juicykicks,juicy-kicks
kawak,kawak
klever,klever.io
kontribute,kontribute
kr1,kr1
kryptonic,kryptonic
kucoin,kucoin
kverso,kverso
learned,learned
light-wallet,light-wallet
lightsail,lightsail
lightwallet,light-wallet
liquid-icp,liquid-icp
liquidicp,liquid-icp
lo-fi-player,lo-fi player
lofiplayer,lo-fi player
lomesh,lomesh
marspool,marspool
matoken,matoken
meldd,meldd
memecake,meme-cake
messity,messity
meta,meta
metascore,metascore
metasports,metasports
metasports-basketball,metasports basketball
metasportsbasketball,metasports basketball
metaverse,metaverse
metaverse-ai,metaverse-ai
metaverseai,metaverseai
michaelhunte,michaelhunte
michaellee,michaellee
mishicat,mishicat
mission,mission
mission-is-possible,mission is possible
missionispossible,mission is possible
modclub,modclub
modeclub,modeclub
motoko-day-drop,motoko-day-drop
motoko-library,motoko library
motoko-playground,motoko playground
motoko-school,motoko school
motokodaydrop,motoko-day-drop
motokolibrary,motoko library
motokoplayground,motoko playground
motokoschool,motoko school
mugatunes,mugatunes
multcoin,multcoin
multicoincapital,multicoincapital
my-status,my status
mystatus,my status
near-future,near-future
nearfuture,near-future
nebulas,nebulas
neo,neo
newsie,newsie
nfcity,nfcity
nft-english-auction,nft english auction
nft-karts,nft karts
nft-studio,nft studio
nft-studio-marketplace,nft studio marketplace
nft-studio-minting-engine,nft studio minting engine
nft-village,nft village
nftanvil,nftanvil
nftenglishauction,nft english auction
nftgaga,nftgaga
nftgeek,nftgeek
nftkarts,nft karts
nftofu,nftofu
nftstudio,nft studio
nftstudiomarketplace,nft studio marketplace
nftstudiomintingengine,nft studio minting engine
nftvillage,nft village
nftweb3,nftweb3
nick,nick
nns,nns
nns-calculator,nns calculator
nns-dapp,nns-dapp
nns-front-end-dapp,nns front-end dapp
nnscalculator,nns calculator
nnsdao,nnsdao
nnsdapp,nns-dapp
nnsfrontenddapp,nns front-end dapp
ns,ns
nuance,nuance
og-medals,og-medals
ogmedals,og-medals
okex,okex
okx,okx
open-assessment-platform,open assessment platform
openassessmentplatform,open assessment platform
openchat,openchat
opera,opera
optex,optex
orb,orb
orderswap,orderswap
origyn,origyn
osmosis,osmosis
outliers,outliers
outliersfund,outliersfund
overchute,overchute
paka,paka
parallel,parallel
parallelventures,parallelventures
party-board,party board
partyboard,party board
paul,paul
paulyoung,paulyoung
perun-channels,perun channels on the internet computer
perunchannels,perun channels on the internet computer
phasma,phasma
photos,photos
plug,plug
pocket4d,pocket4d
poked-bots,poked-bots
pokedbots,poked-bots
pokedstudio-bots,pokedstudio bots
pokedstudiobots,pokedstudio bots
polychain,polychain
portal,portal
preangle,preangle
prixelart,prixelart
prixers,prixers
project-txa,project-txa
projecttxa,project-txa
psychedelic,psychedelic
puzzle,puzzle
pythiania,pythiania
python-agent,python agent
pythonagent,python agent
qr-gallery,qr gallery
qrgallery,qr gallery
quark,quark
quartz,quartz
radius,radius
raisinrank,raisinrank
ratels,ratels
ratelswallet,ratelswallet
raver,raver
relation,relation
reversi,reversi
rise-of-the-magni,rise of the magni
riseofthemagni,rise of the magni
rocklabs,rocklabs
rss3,rss3
rust-libraries-for-ic-devs,rust libraries for ic devs
rustlibrariesforicdevs,rust libraries for ic devs
saga,saga
saga-tarot,saga tarot
sagatarot,saga tarot
sailfish,sailfish
sauveur,sauveur publishing
savior,savior
scalar,scalar
scalarcapital,scalarcapital
scinet,scinet
secrets-of-the-midgaard-planet,secrets of the midgaard planet
secretsofthemidgaardplanet,secrets of the midgaard planet
shelf,shelf
shiku,shiku
shine,shine
shinemine,shinemine
shobai-global,shōbai global
shobaiglobal,shōbai global
simdi,simdi
simplifireic,simplifireic
skydocs,skydocs
sling,sling
sly,sly
smart-contract-assets-within-the-metaverse,smart contract assets within the metaverse
smartcontractassetswithinthemetaverse,smart contract assets within the metaverse
smartpiggies,smartpiggies
sns,sns
snz,snz
sonic,sonic
spare,spare
sparebytes,sparebytes
spark,spark
sparkcapital,sparkcapital
sparkdigitalcapital,sparkdigitalcapital
speeqo,speeqo
springwind,springwind
stoic-wallet,stoic wallet
stoicwallet,stoic wallet
sudograph,sudograph
supra-oracles,supra-oracles
supraoracles,supra-oracles
sushiswap-front-end,sushiswap front-end
sushiswapfrontend,sushiswap front-end
svangel,svangel
synths,synths
tacen,tacen
taggr,taggr
team-bonsai,team-bonsai
teambonsai,team-bonsai
terabethia,terabethia
texas,texas
texas-poker,texas-poker
texaspoker,texas-poker
the-ic-gallery,the-ic-gallery
the-island-collective,the island collective
the-nft-village,the-nft-village
the-sword-nft,the-sword-nft
the-video-canister,the video canister
the-wall,the wall
theicgallery,the-ic-gallery
theislandcollective,the island collective
thenftvillage,the-nft-village
thespiderdao,thespiderdao
theswordnft,theswordnft
thevideocanister,the video canister
thewall,the wall
threearrows,threearrows
thuba,thuba
tingram,tingram
toniq,toniq
toniq-labs,toniq labs
toniqlabs,toniqlabs
triip,triip
uniswap,uniswap
uniswap-front-end-on-the-ic,uniswap front end on the ic
uniswapfrontendontheic,uniswap front end on the ic
unite,unite
unity,unity
unity3d,unity3d
unreal,unreal
usergeek,usergeek
verific,verific
videate,videate
viewar-by-wearfits,viewar by wearfits
viewarbywearfits,viewar by wearfits
villageglobal,villageglobal
vincrypto,vincrypto
waterslide,waterslide
weact,weact
weave,weave
weavers,weavers
web3r-chat,web3r.chat
web3rchat,web3r.chat
webi-ai,webi-ai
webiai,webi-ai
week-in-dfinity-news,week-in-dfinity-news
weekindfinity,weekindfinity
weekindfinitynews,week-in-dfinity-news
welcome-into-the-metaverse,welcome into the metaverse
welcomeintothemetaverse,welcome into the metaverse
wenchfinance,wenchfinance
wicp,wicp
wild-and-west,wild and west
wildandwest,wild and west
wind,wind
wrapped-trillion-cycles,wrapped-trillion-cycles
wrappedtrillioncycles,wrapped-trillion-cycles
xr-foundation,xrfoundation
xrfoundation,xrfoundation
xtc,xtc
ygg,ygg
yolo-club,yolo-club
yoloclub,yolo-club
young,young
yumi,yumi
